{
	"description": "项目配置文件",
	"packOptions": {
		"ignore": []
	},
	"setting": {
		"urlCheck": false,
		"es6": true,
		"postcss": true,
		"preloadBackgroundData": false,
		"minified": true,
		"newFeature": true,
		"coverView": true,
		"autoAudits": false,
		"showShadowRootInWxmlPanel": true,
		"scopeDataCheck": false,
		"checkInvalidKey": true,
		"checkSiteMap": true,
		"uploadWithSourceMap": true,
		"babelSetting": {
			"ignore": [],
			"disablePlugins": [],
			"outputPath": ""
		}
	},
	"compileType": "miniprogram",
	"libVersion": "2.9.4",
	"appid": "wx8bb9d18a1404cf1b",
	"projectname": "XCXForTypecho",
	"debugOptions": {
		"hidedInDevtools": []
	},
	"isGameTourist": false,
	"simulatorType": "wechat",
	"simulatorPluginLibVersion": {},
	"condition": {
		"search": {
			"current": -1,
			"list": []
		},
		"conversation": {
			"current": -1,
			"list": []
		},
		"plugin": {
			"current": -1,
			"list": []
		},
		"game": {
			"currentL": -1,
			"list": []
		},
		"gamePlugin": {
			"current": -1,
			"list": []
		},
		"miniprogram": {
			"current": -1,
			"list": [
				{
					"id": 0,
					"name": "文章详情",
					"pathName": "pages/detail/index",
					"query": "id=23",
					"scene": null
				},
				{
					"id": -1,
					"name": "排行榜",
					"pathName": "pages/ranking/index",
					"query": "",
					"scene": null
				},
				{
					"id": 2,
					"name": "我的",
					"pathName": "pages/user/index",
					"query": "",
					"scene": null
				},
				{
					"id": -1,
					"name": "关于",
					"pathName": "pages/about/about",
					"query": "",
					"scene": null
				}
			]
		}
	}
}